duration,numberOfSubscribers,view,time(sec)
23:59,4930,42913,1439
23:55,1020000,14343,1435
23:38,9800,259686,1418
23:12,4080000,28591,1392
22:59,820000,15629,1379
22:26,5800,635,1346
22:19,6950,656,1339
22:14,369,15081,1334
22:14,398,15914,1334
22:10,1350,48,1330
22:02,16900,1017,1322
21:54,62200,1952,1314
21:49,2630000,3401,1309
21:41,3040000,19372,1301
21:40,1690,5271,1300
21:25,2630000,2896,1285
21:23,1020000,9104,1283
21:12,0,1,1272
21:06,0,4225,1266
21:05,6990000,2655160,1265
21:03,0,1273,1263
20:54,33500,2756,1254
20:51,72500,329168,1251
20:41,2130,46368,1241
20:39,0,35415,1239
20:35,2390,2731,1235
20:27,0,135,1227
20:11,383000,12210,1211
20:05,1060,44,1205
20:01,560,1,1201
19:54,7300000,38542,1194
19:36,41700,5153,1176
19:32,2070000,570,1172
19:27,1100000,10716,1167
19:21,42000,25271,1161
19:15,1970,2946,1155
19:15,3070,19266,1155
18:49,8270000,4785,1129
18:43,1190,9071,1123
18:38,1200,18,1118
18:31,1150,32,1111
18:26,950,4711,1106
18:19,30900,614228,1099
18:15,18,3,1095
18:13,1410,23,1093
18:09,0,24,1089
18:05,1660000,1721,1085
18:02,9210,413,1082
18:00,383000,19950,1080
17:50,1480000,285849,1070
17:49,383000,45603,1069
17:47,6990000,4797483,1067
17:40,288,29,1060
17:35,562,22,1055
17:25,1550000,1022102,1045
17:21,640000,670369,1041
17:10,3040000,36358,1030
17:08,87600,102492,1028
17:03,0,411,1023
16:45,103000,12111,1005
16:42,8820,66476,1002
16:37,514,8,997
16:33,1180,16,993
16:32,321,5,992
16:29,59,1,989
16:26,0,25,986
16:15,1980000,1514295,975
16:00,1040000,989553,960
15:58,1480000,980542,958
15:58,129000,15139,958
15:57,68500,1932,957
15:47,3,42,947
15:41,225000,1915113,941
15:35,3320,6374,935
15:33,626000,179239,933
15:29,0,0,929
15:28,1600,2753,928
15:22,947,3263,922
15:16,3040000,44680,916
15:14,12800000,246196,914
15:11,4,13,911
15:08,11100,228354,908
15:03,249000,108880,903
15:01,147,5,901
14:58,445000,52061,898
14:58,383000,11343,898
14:58,840,48321,898
14:57,1200,5,897
14:55,2050000,613952,895
14:52,588000,4088,892
14:47,0,3177,887
14:43,2390,1808,883
14:39,330,18,879
14:34,90400,73909,874
14:27,1760000,1212676,867
14:26,588000,3365,866
14:26,588000,1874,866
14:26,2110000,984,866
14:25,298000,894,865
14:19,0,38,859
14:12,0,1,852
14:12,3040000,396168,852
14:10,0,3,850
14:09,214000,28272,849
14:06,3040000,12064,846
14:06,6230,44143,846
14:06,0,9477,846
14:05,1520000,539556,845
13:58,1310000,28815,838
13:58,1350000,29714,838
13:51,17900,9449,831
13:51,10,5,831
13:43,29700,1823,823
13:42,854,1505,822
13:42,228000,1955,822
13:42,1040000,2104432,822
13:40,2030,7430,820
13:37,0,1,817
13:29,6990000,610726,809
13:28,39100,1792,808
13:21,616,2952,801
13:19,232,8591,799
13:18,713,127,798
13:15,11,14,795
13:09,6990000,3716810,789
13:08,4230,81,788
13:07,0,48561,787
13:05,171000,15415,785
13:04,1480000,291227,784
13:00,354000,37224,780
12:59,30700,64850,779
12:54,58800,901503,774
12:53,171000,1379,773
12:53,3,0,773
12:51,45500,45349,771
12:46,3440,4833,766
12:42,38100,8954,762
12:39,2050000,3859,759
12:39,20600,12145,759
12:37,1600,27165,757
12:37,1680,28439,757
12:25,1450,116408,745
12:17,401000,921,737
12:16,2330,5,736
12:15,26,16,735
12:15,137000,918,735
12:14,211000,6360,734
12:10,206000,13986,730
12:07,14000,1396329,727
12:02,1100000,41240,722
12:02,1170000,41499,722
11:59,2400,5895,719
11:57,2210000,811336,717
11:55,589000,352094,715
11:55,1140000,40084,715
11:53,165,20,713
11:52,2390,2349,712
11:51,28200,1260,711
11:49,1540,58760,709
11:44,17,19,704
11:41,589000,526842,701
11:40,2390,745,700
11:32,1190,2729,692
11:32,1190,2914,692
11:31,746000,872012,691
11:29,948000,51642,689
11:28,3040000,1205736,688
11:27,0,1139,687
11:22,93600,82774,682
11:16,1820,9680,676
11:16,0,21871,676
11:14,3530000,2767426,674
11:12,0,1838,672
11:12,1600,9721,672
11:10,0,16,670
11:08,1520000,778815,668
11:07,72,43,667
11:06,339000,46536,666
11:06,87600,12212,666
11:03,772,47,663
11:03,6990000,205690,663
11:02,230,2831,662
11:01,39600,16335,661
11:00,410,1239,660
10:59,11500,4062,659
10:59,11700,4634,659
10:58,2030,150465,658
10:58,2940,10121,658
10:58,611000,76470,658
10:56,167,4,656
10:55,2160,8985,655
10:55,2390,9837,655
10:54,6990000,228500,654
10:52,629,3001,652
10:48,2160,11757,648
10:48,2390,15608,648
10:47,563,223,647
10:47,1480000,73873,647
10:46,42,2,646
10:44,33,225,644
10:44,2390,6659,644
10:42,5840,529,642
10:41,1900000,1218707,641
10:40,0,41524,640
10:39,3240000,918008,639
10:39,379000,76172,639
10:35,109000,1710056,635
10:32,2390,864,632
10:32,0,929321,632
10:30,2390,13222,630
10:15,34000,15748,615
10:12,21200,28854,612
10:11,255000,333547,611
10:10,6990000,275365,610
10:07,589000,1147878,607
10:07,1550000,637836,607
10:06,0,3925,606
10:05,183000,444,605
10:04,164000,5524,604
10:04,445000,8918911,604
10:03,2720,330,603
10:03,10000,194898,603
10:02,1000,8,602
9:55,0,10,595
9:54,0,72,594
9:53,6990000,411693,593
9:47,3220,31567,587
9:46,192000,32094,586
9:44,540,1349,584
9:42,0,11,582
9:40,1550000,70812,580
9:39,483,14994,579
9:36,0,5657,576
9:36,3040000,597370,576
9:34,175,13,574
9:32,75,99,572
9:27,1680,15392,567
9:23,357000,2171320,563
9:22,2390,6695,562
9:19,593,55278,559
9:19,46400,196560,559
9:15,203,36977,555
9:12,381000,10909,552
9:12,6990000,753441,552
9:11,6990000,179497,551
9:10,115000,3209,550
9:10,0,47721,550
9:09,98500,22499,549
9:06,1680,28913,546
9:03,7410,28848,543
9:01,41100,1121123,541
9:01,6990000,158228,541
8:56,6990000,268279,536
8:56,6990000,416299,536
8:55,106,4986,535
8:52,12500,21629,532
8:52,2770,7428,532
8:51,6990000,30844,531
8:45,0,4,525
8:45,11400,10158,525
8:44,161,74,524
8:44,261,146,524
8:42,1050000,12045758,522
8:39,63700,1783,519
8:38,2100,81887,518
8:36,3770,6,516
8:36,192000,681106,516
8:33,0,59,513
8:31,24100,20916,511
8:30,175000,6638,510
8:29,511,679,509
8:29,536,744,509
8:26,7970,905,506
8:25,6990000,359230,505
8:24,33000000,52679,504
8:24,1370,1314,504
8:24,2390,2678,504
8:22,44,12480,502
8:21,1970,1441,501
8:21,356000,630644,501
8:19,438000,6857733,499
8:18,0,0,498
8:16,190,1,496
8:15,16,6,495
8:13,251000,11602,493
8:13,1220000,4745452,493
8:08,610000,91805,488
8:08,666000,92074,488
8:06,33,1,486
8:04,393,3069,484
8:04,276000,515865,484
8:02,6,9,482
8:00,2050000,12671,480
7:58,263,3883,478
7:58,16,7,478
7:56,1550000,15043,476
7:55,32,94,475
7:54,5,4,474
7:53,0,2,473
7:52,140,84389,472
7:52,0,141805,472
7:52,1550000,388195,472
7:51,999,6079,471
7:51,1,10,471
7:49,177000,30490,469
7:45,10000000,776021,465
7:41,12200,564,461
7:39,0,432,459
7:38,44,2,458
7:37,768,34,457
7:37,87600,42441,457
7:36,57100,4422,456
7:34,2160000,2362935,454
7:33,6990000,139843,453
7:32,750,4143,452
7:30,2160,7325,450
7:30,2390,10135,450
7:29,6990000,1620376,449
7:25,254000,10489,445
7:21,0,5,441
7:21,567000,37415,441
7:16,87600,10887,436
7:12,2390,4144,432
7:12,894,7139,432
7:10,184,401,430
7:09,817,6207,429
7:09,163000,67490,429
7:08,2390,3482,428
7:08,136,7528,428
7:06,2160,1800,426
7:06,2390,2205,426
7:05,0,20149,425
7:03,0,49,423
6:58,6990000,75436,418
6:57,1470,2655,417
6:56,200000,2482518,416
6:56,1560,1939,416
6:56,205000,2515318,416
6:54,553,8,414
6:52,33,1808,412
6:52,0,708,412
6:52,892,52147,412
6:51,87600,14578,411
6:50,2920,8713,410
6:49,1280,9886,409
6:48,6990000,391901,408
6:47,819,7099,407
6:45,0,3009,405
6:44,12,4,404
6:43,5980,19332,403
6:43,24900,52020,403
6:40,856,2314,400
6:39,3580,5661,399
6:39,718,645,399
6:37,2,6,397
6:37,0,1691,397
6:37,0,5,397
6:36,87600,24118,396
6:34,0,1193,394
6:32,42,31,392
6:29,11800,829783,389
6:29,101000,14955,389
6:29,11800,832600,389
6:24,868,1053,384
6:24,6990000,3439,384
6:24,27900,39456,384
6:23,1550000,536701,383
6:21,0,131,381
6:21,121000,205642,381
6:20,189,40048,380
6:20,217,47106,380
6:20,3940,897,380
6:19,16,27,379
6:18,225,5554,378
6:18,232,5579,378
6:13,129,4278,373
6:13,0,4,373
6:12,2880,30342,372
6:12,87600,12251,372
6:12,53100,31889,372
6:11,567000,400536,371
6:10,469000,3423,370
6:10,87600,1584378,370
6:09,1930,1134,369
6:09,87600,294392,369
6:08,0,32,368
6:07,203000,3289,367
6:07,3940,433,367
6:07,2390,845,367
6:07,87600,17250,367
6:05,1470000,8541,365
6:04,250000,525923,364
6:03,87600,120074,363
6:01,137,27,361
5:59,87600,15953,359
5:59,492,1468,359
5:58,276000,733159,358
5:58,0,6,358
5:58,553,10,358
5:57,277000,233542,357
5:57,87600,21503,357
5:57,87600,36030,357
5:56,14300,5393,356
5:56,2,1,356
5:55,87600,16534,355
5:55,319000,299795,355
5:55,0,3051,355
5:54,118000,28027,354
5:54,98700,12586,354
5:53,259000,694284,353
5:53,1450000,2219,353
5:53,13200,119,353
5:53,13700,3471,353
5:53,9200,7821,353
5:53,3040000,105137,353
5:53,6990000,107006,353
5:53,13600,1790,353
5:53,945000,14834992,353
5:53,1110000,696006,353
5:52,216,51986,352
5:52,219,53055,352
5:52,87600,121078,352
5:52,87600,14175,352
5:52,3910,1504,352
5:52,87600,14315,352
5:52,1320000,503911,352
5:51,87600,14958,351
5:51,4070,26946,351
5:50,47600,6968,350
5:49,23900,1261,349
5:49,567000,717441,349
5:47,0,1209,347
5:46,8,2,346
5:45,144,795,345
5:45,757000,170802,345
5:42,2,0,342
5:42,1,2,342
5:41,540,3,341
5:40,87600,16867,340
5:39,8,3,339
5:39,11500,1382,339
5:38,69800,10526,338
5:37,26600,92,337
5:37,1450000,454,337
5:37,130,31346,337
5:37,321,5466,337
5:36,5,45,336
5:36,567000,556630,336
5:35,357000,542343,335
5:32,9810,338,332
5:32,33300000,15431,332
5:32,506000,60604,332
5:31,4230,316,331
5:31,87600,13549,331
5:31,415000,759888,331
5:31,0,5,331
5:30,567000,446087,330
5:29,1470000,4471,329
5:29,0,7662,329
5:29,0,8155,329
5:27,0,0,327
5:25,56200,4552311,325
5:25,87600,16980,325
5:24,1080,4488,324
5:24,1120,5514,324
5:23,87600,20576,323
5:23,87600,26789,323
5:22,0,7437,322
5:21,87600,17356,321
5:21,87600,28285,321
5:21,143,24,321
5:21,27000,7,321
5:21,254000,51539,321
5:21,15300,6274,321
5:21,840,174,321
5:20,87600,16027,320
5:20,7410,11709,320
5:20,412000,78152,320
5:19,432,17663,319
5:19,1,1,319
5:19,87600,115663,319
5:18,0,784,318
5:18,94,1115,318
5:17,0,101,317
5:16,10700,1040,316
5:15,104000,66282,315
5:13,9250,18937,313
5:13,9830,21115,313
5:13,567000,32754,313
5:12,8660,18,312
5:12,3310000,921968,312
5:12,1550000,547456,312
5:12,611000,142542,312
5:11,1680,23356,311
5:10,2160,4725,310
5:10,2390,5090,310
5:10,3130,487,310
5:10,567000,1381119,310
5:09,1000,1,309
5:09,87600,67732,309
5:09,357000,897015,309
5:09,41,1179,309
5:05,446,264,305
5:05,325,74,305
5:05,0,8,305
5:05,132,7146,305
5:04,588000,4521,304
5:04,87600,31155,304
5:04,98900,1448829,304
5:04,1670000,589900,304
5:00,4070,41850,300
5:00,4070,11513,300
5:00,87600,29300,300
5:00,4070,166639,300
4:59,1470000,8266,299
4:59,242,371,299
4:59,0,0,299
4:59,4070,10147,299
4:58,2390,4539,298
4:58,567000,849150,298
4:58,567000,389085,298
4:57,891,52,297
4:57,87600,42049,297
4:56,87600,37912,296
4:53,1,7,293
4:52,13300,39500,292
4:52,365,10896,292
4:51,42700,24567,291
4:51,4,0,291
4:50,567000,534798,290
4:50,27400,14406,290
4:48,149,4,288
4:46,647,91,286
4:46,499000,3422485,286
4:46,87600,22701,286
4:46,11900,21356,286
4:45,87600,17919,285
4:44,87600,199678,284
4:44,87600,72415,284
4:43,1480,4866,283
4:43,17900,10367,283
4:42,2390000,1105386,282
4:41,0,1185595,281
4:41,44100,3169,281
4:41,0,1209256,281
4:40,167000,18633,280
4:40,1370000,134890,280
4:39,634,268,279
4:39,0,4520,279
4:39,567000,36610,279
4:38,133000,85714,278
4:37,3940,2557,277
4:36,87600,27564,276
4:35,20,1,275
4:35,1190000,48329,275
4:34,107000,3493,274
4:34,987000,5474392,274
4:33,16900,1515,273
4:33,87600,47500,273
4:32,87600,24728,272
4:32,87600,19206,272
4:32,87600,12995,272
4:30,0,1068,270
4:30,4900000,32003,270
4:30,176000,348841,270
4:30,1550000,28279,270
4:30,6990000,10598,270
4:30,567000,225080,270
4:29,422,68,269
4:29,1,2,269
4:29,77200,54923,269
4:29,1040000,66286,269
4:29,8230,3463,269
4:28,873,708,268
4:28,0,92,268
4:27,2160,3708,267
4:27,2390,4388,267
4:27,6990000,91605,267
4:26,16500,1157,266
4:26,2390,2641,266
4:25,51500,6453,265
4:25,2270000,1007385,265
4:24,11200,4981,264
4:24,567000,272890,264
4:24,14700,1954883,264
4:22,357000,104382,262
4:21,298000,21066,261
4:21,57100,142,261
4:21,53600,114328,261
4:21,1340,74,261
4:21,1390,63,261
4:20,1170,119672,260
4:19,3040000,21039,259
4:19,567000,439479,259
4:18,4370,18648,258
4:18,7500,3717,258
4:18,87600,30769,258
4:18,567000,45767,258
4:14,87600,18836,254
4:13,2210,7262,253
4:12,939,205,252
4:11,567000,916511,251
4:09,785,2518,249
4:08,0,1956,248
4:08,0,2382,248
4:08,0,3,248
4:07,1,1,247
4:07,7860,259,247
4:07,589000,197164,247
4:05,1960,183,245
4:05,308,471,245
4:05,16000,6984,245
4:04,68400,2090,244
4:04,11100,1988,244
4:04,313,2086,244
4:04,87600,14614,244
4:04,567000,563062,244
4:03,205000,185119,243
4:01,293,21122,241
4:01,603000,52105,241
4:01,186000,12920,241
4:00,0,71436,240
4:00,204000,88602,240
3:59,757000,235343,239
3:59,87600,42359,239
3:58,0,0,238
3:58,3530,1534,238
3:58,604000,48048,238
3:57,87600,12926,237
3:57,4990,16920,237
3:56,1170,37,236
3:56,2080,67,236
3:54,3,1056,234
3:54,87600,16773,234
3:53,511,2148,233
3:53,0,15,233
3:52,87600,87159,232
3:51,567000,1097831,231
3:50,5160000,91504,230
3:49,87600,10801,229
3:49,87600,54248,229
3:49,45,1550,229
3:48,87600,22615,228
3:48,515,20,228
3:47,1140,1558,227
3:47,5880,2298,227
3:46,567000,511270,226
3:44,411,281,224
3:44,87600,150345,224
3:44,249000,3575,224
3:43,11300,20263,223
3:43,69800,10222,223
3:43,8270,19,223
3:42,567000,166186,222
3:42,567000,864193,222
3:41,992,49,221
3:40,0,9,220
3:36,18,2738,216
3:35,36,18,215
3:35,0,30,215
3:35,293,4053,215
3:35,567000,238329,215
3:34,2390,1044,214
3:34,828,186,214
3:34,567000,419989,214
3:33,236000,48833,213
3:33,87600,51786,213
3:32,11200,2191,212
3:32,949000,879903,212
3:32,3700000,61117,212
3:32,20300,21221,212
3:32,121000,59765,212
3:32,20800,29010,212
3:32,567000,185878,212
3:29,3140,325,209
3:29,0,35,209
3:29,567000,161443,209
3:28,7280,2464,208
3:28,37300,791161,208
3:28,0,160339,208
3:28,2550000,152459,208
3:28,1230000,161214,208
3:27,9850,18941,207
3:27,87600,16688,207
3:26,1920,448,206
3:25,0,237,205
3:25,343,6387,205
3:23,718,297,203
3:22,2390,3053,202
3:21,64,1266,201
3:20,76800,6114,200
3:20,201,74,200
3:20,82500,6180,200
3:20,567000,92017,200
3:20,40100,68278,200
3:20,292000,42935,200
3:19,804,395,199
3:19,42,81,199
3:19,87600,44396,199
3:19,87600,13785,199
3:18,10700,6347,198
3:18,2090,168,198
3:18,10800,6368,198
3:18,968,55,198
3:17,14,808,197
3:17,148,0,197
3:16,2020000,3198,196
3:16,3270000,1469740,196
3:15,38,1,195
3:14,11,20,194
3:14,13000,810,194
3:12,13000,16384,192
3:12,513000,104579,192
3:12,116000,9184,192
3:11,16,6,191
3:11,319000,13074,191
3:11,4670,11207,191
3:10,48800,342,190
3:09,87600,14669,189
3:07,229000,2192,187
3:06,87600,401750,186
3:06,305,9,186
3:06,7560,1275,186
3:05,0,155,185
3:05,1470000,26067,185
3:05,893,370,185
3:05,1490000,26133,185
3:04,22,8502,184
3:03,0,31877,183
3:02,22,19,182
3:01,380,3180,181
3:01,39,25,181
3:01,5,1,181
3:00,2020000,794,180
3:00,0,1188,180
3:00,87600,45384,180
3:00,87600,18759,180
2:59,87600,15515,179
2:58,294000,3233,178
2:58,18500,10415,178
2:58,1520,820,178
2:58,1940,1704,178
2:58,14400,23740,178
2:57,5060,51568,177
2:57,66,179,177
2:56,3040,123,176
2:56,859,677,176
2:56,26600,390,176
2:56,0,625,176
2:55,45,32,175
2:54,87600,83056,174
2:53,171000,25389,173
2:53,685,9821,173
2:53,4,52,173
2:52,2610,8793,172
2:51,53,300,171
2:51,87600,61806,171
2:50,0,1215,170
2:50,274000,716477,170
2:50,0,1237,170
2:50,40300,172,170
2:49,84000,6388,169
2:49,625,246,169
2:48,567000,363372,168
2:47,87600,1197498,167
2:47,60,7,167
2:46,165000,36563861,166
2:46,17500,1751,166
2:46,28,1394,166
2:46,93,13247,166
2:46,16,646,166
2:46,0,1150,166
2:46,26300,15348,166
2:46,1200,612,166
2:45,19300,6665,165
2:45,1620,2330,165
2:44,0,6,164
2:44,52900,1537,164
2:43,35600,10255,163
2:43,3220,2127,163
2:42,30700,725,162
2:42,568,1322,162
2:42,616,1893,162
2:42,616,2170,162
2:42,14500,1197,162
2:42,19900,4929,162
2:42,3080,7989,162
2:42,1690,13351,162
2:42,3640,12295,162
2:42,360,286,162
2:42,7360,3065,162
2:42,13600,695,162
2:42,544000,4927,162
2:41,820000,11030,161
2:41,18000,2737,161
2:39,159,965,159
2:38,1120,35,158
2:38,8830,8648,158
2:38,909,1509,158
2:38,29,198,158
2:38,567000,161226,158
2:37,5540,37239,157
2:37,0,65,157
2:37,0,830,157
2:37,1370,28317,157
2:37,0,1367,157
2:37,2140000,27408,157
2:36,970,6470,156
2:36,165000,36577158,156
2:36,11200,515,156
2:36,2730,1037,156
2:35,2090,938,155
2:35,0,6521,155
2:35,87600,13047,155
2:34,401000,24,154
2:34,836,405,154
2:34,888,25,154
2:34,87600,97940,154
2:33,92,12301,153
2:33,92,12536,153
2:33,513000,97125,153
2:32,285,432,152
2:31,3550,300,151
2:31,191,468,151
2:30,2110,265,150
2:30,813000,250645,150
2:29,60,1,149
2:28,3430000,27297796,148
2:28,11200,38891,148
2:26,813000,108385,146
2:25,11200,32071,145
2:24,2310,1982,144
2:24,42000,46296,144
2:24,1320000,19682,144
2:23,1,8,143
2:23,13900,27194,143
2:22,0,406,142
2:21,5240,1091,141
2:21,1040000,1519,141
2:20,966,187,140
2:20,0,704,140
2:20,357,630,140
2:20,914,634,140
2:20,3280,700,140
2:20,813000,68139,140
2:20,72400,653354,140
2:19,7670,530,139
2:19,10200,781,139
2:19,31100,7084,139
2:19,87600,98803,139
2:19,785000,1714753,139
2:19,1850000,4196938,139
2:19,127000,357238,139
2:19,448000,1948229,139
2:19,97700,99612,139
2:19,4490000,1046268,139
2:19,5490,14929,139
2:18,87600,27251,138
2:18,1490000,689351,138
2:18,127000,24497,138
2:18,28800,6470,138
2:18,2280,35888,138
2:17,117,4396,137
2:17,423000,109167,137
2:17,40,31,137
2:17,244,0,137
2:16,4380,17760,136
2:16,1560,5148,136
2:16,899,56434,136
2:16,12900000,2077247,136
2:15,548000,4147,135
2:15,3850000,905804,135
2:15,1040000,429324,135
2:15,14,4,135
2:14,311,5,134
2:13,0,41,133
2:12,87600,134940,132
2:11,0,1213,131
2:11,21200,175,131
2:10,3040,172,130
2:10,1930000,9138,130
2:09,224,1122,129
2:09,87600,57555,129
2:08,33000000,15717,128
2:08,48400,14595,128
2:08,137000,915,128
2:08,654,2533,128
2:08,204000,23347,128
2:08,4870000,4258,128
2:08,170000,8979,128
2:08,99500,6255,128
2:08,775,1095,128
2:08,6190,632,128
2:08,0,6757,128
2:08,1310000,2317,128
2:08,20400000,1877051,128
2:08,719,6040,128
2:08,17700,4814,128
2:08,3540,5132,128
2:08,188,20029,128
2:08,948000,16968,128
2:08,7190,1508,128
2:08,1800,568,128
2:08,1500,385,128
2:08,150000,2880,128
2:08,1960,2022,128
2:08,0,136,128
2:08,360,194,128
2:08,902,54,128
2:08,171000,35247,128
2:08,602,2773,128
2:08,67900,8864,128
2:08,10000000,692771,128
2:08,143000,25486,128
2:08,11300,19109,128
2:08,87600,11123,128
2:08,711,6779,128
2:08,99,212,128
2:08,33300000,371100,128
2:08,1210,280909,128
2:08,33300000,23803,128
2:08,66,192,128
2:08,1550000,126647,128
2:08,66,119,128
2:08,62400,62752,128
2:08,0,4279,128
2:08,121000,52780,128
2:08,6600,1630,128
2:08,3400000,100633,128
2:07,57,175,127
2:07,1250,20,127
2:07,296000,5610,127
2:07,464000,110264,127
2:05,610,546,125
2:05,87600,65827,125
2:05,12900000,1875008,125
2:05,1220000,676139,125
2:05,15700000,5885763,125
2:05,12900000,2639398,125
2:04,87600,1044455,124
2:03,5320,4,123
2:03,0,1070,123
2:03,132000,18028,123
2:03,69800,81745,123
2:02,1040,7540,122
2:02,434000,75022,122
2:01,1250,48,121
2:01,45800,75007,121
2:01,3720000,34425,121
2:01,6980,10055,121
2:01,7520,5533,121
2:01,87600,34596,121
2:01,2020000,3577,121
2:01,101000,21061,121
2:01,0,40,121
2:01,1320,28,121
2:01,14700,41,121
2:01,0,27,121
2:01,107000,12354,121
2:00,92100,416526,120
2:00,11200,6141,120
2:00,2,5,120
2:00,87600,3337482,120
2:00,0,46,120
2:00,9950000,6563270,120
1:59,15400,54,119
1:59,854,570,119
1:59,43600,119,119
1:59,16000,55,119
1:59,6270,91057,119
1:58,8520,9479,118
1:58,0,1029,118
1:58,8880,9566,118
1:58,136,27,118
1:57,9070,893,117
1:57,33,505,117
1:57,0,4,117
1:57,567000,77690,117
1:56,1860,1560,116
1:56,9470,2662,116
1:56,482000,45341,116
1:56,55600,26409,116
1:56,53600,44533,116
1:56,139,4807,116
1:55,555,108,115
1:55,0,3526,115
1:55,87600,14833,115
1:55,383000,4453,115
1:54,567000,557701,114
1:53,0,2475,113
1:53,0,1753,113
1:53,0,884,113
1:53,0,1465,113
1:53,0,1020,113
1:53,12200,18115,113
1:53,219000,928,113
1:52,172000,16342,112
1:52,258,158,112
1:52,0,2831,112
1:50,42300,516,110
1:50,87600,118010,110
1:49,927000,50620,109
1:49,3430000,45968,109
1:49,9260,25023,109
1:49,2380,45150,109
1:49,514,141787,109
1:49,1680,10035,109
1:49,578000,14455,109
1:49,13700,3409,109
1:49,534,964,109
1:49,904,12768,109
1:49,13700,16122,109
1:49,4870000,8160,109
1:49,1780,602,109
1:49,73800,8026,109
1:49,2080000,75208,109
1:49,21,1218,109
1:49,0,42911,109
1:49,1310000,93022,109
1:49,797,1345,109
1:49,46100,16467,109
1:49,0,1503,109
1:49,47300,1488,109
1:49,112000,69098,109
1:49,16,2558,109
1:49,9890,15514,109
1:49,132,2695,109
1:49,4870000,43407,109
1:49,3030,33069,109
1:49,188,19648,109
1:49,0,28550,109
1:49,96800,67453,109
1:49,0,1071,109
1:49,0,4934,109
1:49,0,1942,109
1:49,1020000,12450,109
1:49,50,6033,109
1:49,296,3353,109
1:49,33600,43928,109
1:49,949,7188,109
1:49,96800,18124,109
1:49,20700,125732,109
1:49,370,10075,109
1:49,188000,28131,109
1:49,929,5943,109
1:49,0,18870,109
1:49,158,30587,109
1:49,144,108,109
1:49,632,134,109
1:49,16700,1145,109
1:49,3010,2522,109
1:49,4620000,105393,109
1:49,37900,7792,109
1:49,11300,32896,109
1:49,734000,222163,109
1:49,68000,17928,109
1:49,33300000,723274,109
1:49,109000,293391,109
1:49,3730,992,109
1:49,616,1968,109
1:49,616,2028,109
1:49,1300,281,109
1:49,74600,255,109
1:49,0,431,109
1:49,257000,138028,109
1:49,28200,120679,109
1:49,567000,644053,109
1:49,207000,54989,109
1:49,567000,414801,109
1:49,1900000,2110906,109
1:49,1230000,232946,109
1:49,14400,58954,109
1:49,180000,1347258,109
1:49,60700,100180,109
1:49,567000,446625,109
1:49,295,7108,109
1:49,1850000,2208154,109
1:49,1850000,1192977,109
1:49,567000,393350,109
1:49,5910,14425,109
1:49,3490,30977,109
1:49,2550,1222,109
1:49,102000,30414,109
1:49,40900,4894,109
1:49,139000,33647,109
1:49,1670000,109092,109
1:48,175000,317225,108
1:48,193000,52286,108
1:48,162000,55655,108
1:48,626000,16492,108
1:48,193000,478161,108
1:48,1620,5044,108
1:48,174000,15019,108
1:48,217000,42479,108
1:48,144000,57919,108
1:48,37700,1419,108
1:48,8220,153308,108
1:47,14400,1809,107
1:47,1170,237,107
1:46,15800,203,106
1:46,19100,241,106
1:44,10600,101227,104
1:44,1580,82,104
1:44,1930,371,104
1:44,11000,103311,104
1:43,38600,2408,103
1:43,3,2383,103
1:43,17400,17977,103
1:43,162000,67908,103
1:43,1490000,7430501,103
1:43,32900,355918,103
1:43,27900,134647,103
1:43,338000,32022,103
1:43,316,3041,103
1:43,626000,375476,103
1:43,438000,1916292,103
1:43,11300,24819,103
1:43,25000,2949,103
1:43,286000,45870,103
1:42,1720,10876,102
1:42,52,2,102
1:42,1730,10978,102
1:42,4,7,102
1:42,4620000,347708,102
1:41:47,77500,10912,101.7833333
1:41,0,85516,101
1:41,8,1,101
1:41,5670,1393,101
1:41,87600,302564,101
1:40,229,126765,100
1:39,771,1997,99
1:39,383,491,99
1:39,296000,148058,99
1:38,641000,9080258,98
1:38,0,2148212,98
1:38,105000,58874,98
1:38,0,1453,98
1:38,774,59,98
1:38,0,2867,98
1:38,0,106,98
1:38,0,167140,98
1:38,3830,112,98
1:37,467,2124,97
1:37,778,2,97
1:37,42,0,97
1:37,274000,1250871,97
1:37,589000,108932,97
1:37,15700,3641,97
1:36,4620000,231873,96
1:36,9070,60431,96
1:36,197000,10305,96
1:36,2270000,169296,96
1:36,8900,402,96
1:36,4350000,1826589,96
1:36,180000,42065,96
1:36,679000,114620,96
1:35,104,543,95
1:34,2130,735,94
1:34,1010,1345,94
1:34,104000,47119,94
1:34,678000,11812,94
1:34,357000,953219,94
1:34,1040000,1283438,94
1:34,2,46,94
1:32,11300,4131,92
1:32,12900000,5978126,92
1:32,45600,41824,92
1:31,175000,3086,91
1:31,87600,254340,91
1:30,4440,12767,90
1:30,33000000,5408,90
1:30,46,12337,90
1:30,211,2988,90
1:30,4870000,1925,90
1:30,252000,203,90
1:30,890000,34151,90
1:30,0,3792,90
1:30,3040,466,90
1:30,3840,2745,90
1:30,4020,719,90
1:30,3130,2329,90
1:30,168000,21672,90
1:30,296000,3394,90
1:30,1120,24,90
1:29,507,91,89
1:29,33300000,42837,89
1:29,0,9,89
1:29,616,2107,89
1:29,57,3269,89
1:29,282000,6772,89
1:28,5320,9,88
1:27,312,252,87
1:27,592000,2594,87
1:27,20600,2322,87
1:26,9030000,1376908,86
1:26,4870000,2467,86
1:26,2160000,176728,86
1:26,2190000,61850,86
1:26,17300,993822,86
1:26,77200,66472,86
1:26,434000,48302,86
1:26,87600,31434,86
1:26,671000,667198,86
1:26,434000,153642,86
1:26,284000,288399,86
1:26,27700,2001,86
1:25,191000,2350,85
1:25,1070,2,85
1:25,0,1,85
1:23,373,1128,83
1:23,1230000,1548,83
1:23,11100,256,83
1:22,685,78,82
1:21,0,41,81
1:21,13700,7084,81
1:21,2510000,58875,81
1:21,87600,12492,81
1:21,589000,1558786,81
1:21,0,9302,81
1:20,382,1072,80
1:20,0,17868,80
1:20,115,0,80
1:19,11,2778,79
1:19,2,39,79
1:18,0,43097,78
1:18,1940,688,78
1:18,5670,242,78
1:18,189000,71735,78
1:18,340,5928,78
1:18,168000,10151,78
1:18,1380,1363,78
1:18,30400,12155,78
1:18,234,1975,78
1:18,667000,10876,78
1:18,151,1329,78
1:18,372,3289,78
1:18,8780,903,78
1:18,387,236,78
1:18,27400,25530,78
1:18,734,9181,78
1:18,805,255,78
1:18,242,713,78
1:18,10400,12055,78
1:18,1570,181,78
1:18,44000,24422,78
1:18,18800,1754,78
1:18,94700,139,78
1:18,45500,25342,78
1:18,150000,25807,78
1:18,840000,18617,78
1:18,3290,50,78
1:18,4350,13427,78
1:17,40,19,77
1:17,200000,3072,77
1:17,434000,31395,77
1:16,191000,4716,76
1:15,2050000,699385,75
1:15,1760000,1254549,75
1:14,0,5257,74
1:14,7270,1367,74
1:14,136000,1296798,74
1:14,33500,27280,74
1:14,33300000,193909,74
1:14,38000,1954,74
1:13,3870,15492,73
1:12,10900,13137,72
1:11,423000,49684,71
1:11,1250,49,71
1:11,15,125,71
1:10,0,1419,70
1:10,86400,12782,70
1:09,522,143617,69
1:09,236000,2258,69
1:09,6420,12813,69
1:09,38700,27015,69
1:09,1680,3043,69
1:09,14300,18772,69
1:09,3680,2974,69
1:09,0,0,69
1:09,1490000,2951480,69
1:09,7410,90835,69
1:09,67,10330,69
1:09,999,50561,69
1:09,109000,124992,69
1:09,734000,200318,69
1:09,9320,69982,69
1:09,6690,50229,69
1:09,1230000,676781,69
1:09,1320000,33264,69
1:09,23100,118,69
1:09,1160000,1265590,69
1:09,167000,14168,69
1:09,4350,43504,69
1:09,20600,4590,69
1:09,12000,3091,69
1:09,0,56420,69
1:08,167000,132123,68
1:08,3240000,406851,68
1:08,12900000,1049094,68
1:07,382,1062,67
1:06,522000,254,66
1:05,0,1653262,65
1:05,1630000,3833,65
1:05,1600000,27899,65
1:05,160,31972,65
1:05,1700,10144,65
1:05,5270,6126,65
1:05,4330,275,65
1:05,90,1058,65
1:05,1230,6335,65
1:05,212,3451,65
1:05,0,418,65
1:05,3450,847,65
1:05,849,18332,65
1:04,0,3026,64
1:04,141,35,64
1:04,0,1503,64
1:04,1400,58,64
1:04,193000,72979,64
1:04,27400,50569,64
1:04,15700,16240,64
1:03,17700,10075,63
1:03,908,5556,63
1:03,4450,12952,63
1:03,499,243,63
1:03,274,74051,63
1:03,685,5447,63
1:03,3550,538,63
1:03,0,1199,63
1:03,0,1676,63
1:03,0,923,63
1:03,0,1219,63
1:03,25600,71,63
1:03,1110,1386,63
1:03,160000,1591,63
1:02,1890,16,62
1:02,836,638,62
1:02,40500,3285,62
1:02,840000,297525,62
1:02,25200,124574,62
1:02,716000,13692,62
1:02,118,47,62
1:01,1910,74,61
1:01,22300,3478,61
1:00,99000,41379,60
1:00,166,424,60
1:00,1350,1539,60
1:00,78900,69586,60
1:00,360000,177104,60
1:00,581000,3797,60
1:00,14100,18471,60
1:00,230,473,60
1:00,261000,1197,60
1:00,507000,17465,60
1:00,153000,6461,60
1:00,581000,1410,60
1:00,1210,706,60
1:00,184,9964,60
1:00,3380,11928,60
1:00,1350,1541,60
1:00,3850,2154,60
1:00,548,1347,60
1:00,1230,2412,60
1:00,1220,571,60
1:00,374,335,60
1:00,2010,225,60
1:00,0,519,60
1:00,0,1495,60
1:00,174000,80010,60
1:00,387,740,60
1:00,348,1091,60
1:00,18800,3186,60
1:00,1230,7368,60
1:00,3620,12013,60
1:00,367,53,60
1:00,24900,461,60
1:00,38000,1050,60
1:00,6730,1445,60
1:00,0,568,60
1:00,1,1,60
1:00,1480000,23968,60
1:00,2210000,431218,60
1:00,2210000,625708,60
1:00,254000,160005,60
1:00,67,5,60
1:00,192,21425,60
1:00,292000,53222,60
1:00,56400,6052,60
0:59,292,54,59
0:59,0,2374,59
0:59,382,536,59
0:59,382,2132,59
0:59,101000,2082,59
0:59,108000,127167,59
0:59,6150,3568,59
0:59,1820,475,59
0:59,1820,546,59
0:59,1820,455,59
0:59,1820,511,59
0:59,1820,366,59
0:59,1820,790,59
0:59,1820,256,59
0:59,0,833,59
0:59,1820,305,59
0:59,1820,584,59
0:59,1820,428,59
0:59,143,56,59
0:58,29,570,58
0:58,2110,2978,58
0:58,477,535,58
0:58,281,3789,58
0:58,0,465,58
0:58,1680,3327,58
0:58,172,529,58
0:58,3550000,361886,58
0:58,3370000,3749950,58
0:58,11300,31224,58
0:58,16800,111020,58
0:58,162,235,58
0:58,21200,456,58
0:58,423000,9458,58
0:58,569,1245,58
0:58,123000,2293,58
0:58,20400000,1877358,58
0:58,53600,14010,58
0:58,296000,2399,58
0:58,0,22,58
0:58,66,382,58
0:58,392,12419,58
0:58,0,62992,58
0:58,311,40581,58
0:58,197000,19313,58
0:58,806,3808,58
0:58,1480000,323098,58
0:58,1480000,571779,58
0:58,1480000,1495468,58
0:58,0,51,58
0:58,45700,1735,58
0:58,254000,18287,58
0:58,1170,8569,58
0:58,1130,3305,58
0:58,16900,1389,58
0:58,974,1496,58
0:57,0,39959,57
0:57,9250,16912,57
0:57,0,4342,57
0:57,14900,73721,57
0:57,2000,3100,57
0:57,37500,7472,57
0:57,240,2691,57
0:57,1550,2423,57
0:57,843,7677,57
0:57,1550,7188,57
0:57,50800,5734,57
0:57,7,17604,57
0:57,1310000,2203,57
0:57,1160000,2072,57
0:57,0,20604195,57
0:57,384000,20147,57
0:57,2780,619,57
0:57,231000,1971103,57
0:57,6780,22407,57
0:57,0,1467826,57
0:57,0,6875,57
0:57,0,1313,57
0:57,296,2175,57
0:57,53700,5164334,57
0:57,69,6516,57
0:57,0,7106,57
0:57,205,60,57
0:57,455,22,57
0:57,1480000,841632,57
0:57,5980000,2128579,57
0:56,4620000,371691,56
0:55,1430000,1412973,55
0:55,9030000,2495925,55
0:55,489,7,55
0:55,0,8,55
0:55,772,8688,55
0:55,0,12,55
0:55,177000,59537,55
0:55,177000,25649,55
0:55,177000,22467,55
0:54,2010,27641,54
0:54,1110,62,54
0:54,4620000,2524246,54
0:54,298,28716,54
0:53,6,13,53
0:53,6150,104501,53
0:53,0,9,53
0:53,519,42860,53
0:52,735,351,52
0:52,0,703,52
0:52,146000,36588,52
0:52,280000,224809,52
0:52,36,15,52
0:52,139,11551,52
0:52,1620000,70793,52
0:52,2000000,4612370,52
0:51,22500,309,51
0:51,27,477,51
0:51,802,83,51
0:51,2150000,384206,51
0:51,69800,4828,51
0:51,87600,228348,51
0:51,225000,1677395,51
0:51,0,8,51
0:50,9890,6322,50
0:50,22900,46300,50
0:50,9890,5918,50
0:50,336000,15222,50
0:50,3240000,4437562,50
0:50,1600,303,50
0:50,667000,35665,50
0:50,1040,339,50
0:50,363,1487,50
0:50,1490000,1649714,50
0:49,3550,238,49
0:49,10000000,1295073,49
0:49,294000,4374787,49
0:49,10000000,2840061,49
0:49,2160000,1164303,49
0:49,0,12,49
0:48,224000,43011,48
0:48,1710,23225,48
0:48,21800,2863,48
0:48,291000,47,48
0:48,0,13976,48
0:48,74000000,27352322,48
0:48,2,12,48
0:48,4,33,48
0:47,332,4696,47
0:47,971,1,47
0:47,53600,172868,47
0:47,567000,208124,47
0:47,33300,3937,47
0:46,42800,14362,46
0:45,8610,41228,45
0:45,666000,45589,45
0:45,0,6511966,45
0:45,1050000,15120,45
0:45,6,301,45
0:45,276000,396231,45
0:45,4620000,1381165,45
0:45,949000,1462568,45
0:45,7060,66,45
0:45,949000,174659,45
0:45,0,997,45
0:44,3990,1008,44
0:44,0,86,44
0:43,3130,854,43
0:43,0,1374,43
0:43,11300,14952,43
0:43,76,91,43
0:43,0,140,43
0:43,970,129,43
0:42,33100,45240,42
0:42,366,2192,42
0:42,144,240,42
0:42,0,12,42
0:42,69,6303,42
0:42,4060,1324,42
0:42,840000,137454,42
0:42,65200,7645,42
0:42,5920,2017,42
0:42,23300,231470,42
0:42,74100,97255,42
0:42,60900,51,42
0:42,1490000,902693,42
0:42,6050,191,42
0:42,76,3063,42
0:42,54200,275647,42
0:42,87,105,42
0:42,34,5683,42
0:41,33000000,14620,41
0:41,313,28349,41
0:41,3920,1844,41
0:41,2510,557,41
0:41,70300,2867,41
0:41,1270,7701,41
0:41,99200,16915,41
0:41,11,0,41
0:41,1760000,1364140,41
0:41,1400000,6015989,41
0:41,1760000,7309803,41
0:41,25600,738326,41
0:41,4620000,1123157,41
0:41,95700,1069777,41
0:41,4620000,1508537,41
0:41,1300000,8282211,41
0:41,394000,17379,41
0:41,418000,10512,41
0:41,1,0,41
0:41,10000000,1690043,41
0:41,470000,301193,41
0:41,1760000,3071197,41
0:40,74100,5969,40
0:40,1080,215,40
0:40,1040000,67071,40
0:40,74300,6126,40
0:40,0,146929,40
0:40,466000,71019,40
0:40,258,8,40
0:40,12900000,831152,40
0:40,77200,66098,40
0:40,18200,13771,40
0:40,1090000,30248,40
0:40,11300,10135,40
0:40,311,115,40
0:40,470,8,40
0:40,9210000,273980,40
0:40,62000,281,40
0:39,112000,1258599,39
0:39,2160000,5659699,39
0:39,4620000,28697988,39
0:39,51300,20552551,39
0:39,1040000,86806,39
0:39,10000000,2495052,39
0:39,1040000,330497,39
0:39,10000000,10668273,39
0:39,136000,28239,39
0:39,1490000,4026722,39
0:39,190000,1686096,39
0:39,98900,22963,39
0:39,10000000,2289458,39
0:39,589000,480764,39
0:39,1490000,399647,39
0:38,3140,5,38
0:38,40,109,38
0:38,1820,348,38
0:38,0,1,38
0:37,341,3288,37
0:37,0,748,37
0:37,2860,2158,37
0:37,45,2,37
0:37,971,1,37
0:37,1160000,864035,37
0:37,5050000,40712,37
0:37,78200,66480,37
0:37,19900,1587,37
0:37,1990,2,37
0:37,10,2,37
0:36,284,106,36
0:36,497,554,36
0:36,4500,119,36
0:36,135,193,36
0:36,32,2,36
0:35,32200,208199,35
0:35,66,3859,35
0:35,374000,27849,35
0:35,137000,1913899,35
0:35,647000,31617,35
0:35,0,6262,35
0:35,20700,109837,35
0:35,14100,23112,35
0:35,1630,5849,35
0:35,2150,59590,35
0:35,640000,575220,35
0:35,1490000,387354,35
0:35,1330,72,35
0:35,3710,179,35
0:35,82200,1120,35
0:35,2160000,2985609,35
0:35,1040000,102146,35
0:35,394000,903943,35
0:34,6190,12292,34
0:34,0,1868,34
0:34,0,10251,34
0:34,837,2531,34
0:34,20000,2144610,34
0:34,190000,386572,34
0:34,589000,80666,34
0:34,190000,9712,34
0:34,589000,884708,34
0:34,0,1,34
0:33,125000,47,33
0:33,17200,89,33
0:33,5240,32,33
0:33,29,12963,33
0:33,0,60,33
0:33,1820,348,33
0:33,1820,641,33
0:33,1630,2,33
0:32,190000,629424,32
0:32,13400,698,32
0:32,190000,12142,32
0:32,509,9833,32
0:32,640000,194469,32
0:32,711000,131494,32
0:32,423000,3627,32
0:32,23200,169488,32
0:32,999,10339,32
0:32,626000,166486,32
0:32,139000,154304,32
0:32,0,713,32
0:32,84,626,32
0:32,11100,17754,32
0:32,194000,661,32
0:32,397000,6566,32
0:32,567000,66589,32
0:32,12300,68022,32
0:31,82,36,31
0:31,1680,3310,31
0:31,775,1812,31
0:31,5790,314,31
0:31,35600,3558,31
0:31,0,6,31
0:31,2180,4796,31
0:31,11900,5198,31
0:31,92900,5237,31
0:31,0,402,31
0:31,1810,424,31
0:31,16,1141,31
0:31,831,1714,31
0:31,7260,3178,31
0:31,0,3,31
0:30,0,31465,30
0:30,3430000,1721479,30
0:30,251000,10248,30
0:30,319000,3642,30
0:30,0,1442,30
0:30,0,7332,30
0:30,0,4814,30
0:30,0,2623,30
0:30,249000,50069,30
0:30,56800,36551,30
0:30,7440000,85111,30
0:30,675000,54946,30
0:30,336000,18235,30
0:30,393,49271,30
0:30,153000,8389,30
0:30,23,1680,30
0:30,381000,11723,30
0:30,196000,26135,30
0:30,1280000,3537,30
0:30,381000,6361,30
0:30,3970000,1786151,30
0:30,2880,8421,30
0:30,42400,23169,30
0:30,44500,5276,30
0:30,24100,3746,30
0:30,260,24718,30
0:30,7460,1338,30
0:30,2910,2509,30
0:30,15200,37485,30
0:30,137000,4828,30
0:30,33700,17360,30
0:30,598000,41321,30
0:30,362000,14706,30
0:30,2840,2852,30
0:30,405,1323,30
0:30,0,1595,30
0:30,11000,7333,30
0:30,0,759,30
0:30,39100,502,30
0:30,0,619,30
0:30,196,3202,30
0:30,211000,14780,30
0:30,0,410,30
0:30,41700,7930,30
0:30,1280,1565,30
0:30,33500,9626,30
0:30,5500,715,30
0:30,697000,16936,30
0:30,377000,4752,30
0:30,0,1715,30
0:30,0,3046,30
0:30,0,715,30
0:30,222000,1297,30
0:30,461000,895,30
0:30,11,406,30
0:30,9370,25464,30
0:30,1680,2705,30
0:30,20600,66983,30
0:30,838,2572,30
0:30,55600,47802,30
0:30,40200,691,30
0:30,1090,1941,30
0:30,969,14008,30
0:30,2220000,64308,30
0:30,590000,2936,30
0:30,2110,2299,30
0:30,11600,441,30
0:30,167,7371,30
0:30,387,434,30
0:30,155000,16840,30
0:30,186000,524,30
0:30,0,1733,30
0:30,1280,5409,30
0:30,383,280,30
0:30,0,7690,30
0:30,118000,5580,30
0:30,858,2067,30
0:30,8290,359,30
0:30,4350,630,30
0:30,175,469,30
0:30,0,407,30
0:30,1350000,103329,30
0:30,198000,48300,30
0:30,7490,186,30
0:30,390,631,30
0:30,29700,1749,30
0:30,1030,135,30
0:30,35600,8116,30
0:30,175000,324,30
0:30,118000,4735,30
0:30,6310,4230,30
0:30,22000,66537,30
0:30,0,3073,30
0:30,1390,6,30
0:30,0,316445,30
0:30,48,1019,30
0:30,141000,148,30
0:30,2110,3664,30
0:30,3380,19501,30
0:30,407,6331,30
0:30,3940,6,30
0:30,1470,550,30
0:30,27500,968,30
0:30,12900000,725018,30
0:30,136000,213878,30
0:30,91900,872876,30
0:30,11900,3731,30
0:30,212,84515,30
0:30,13700,8210,30
0:30,526,4781,30
0:30,302000,1984337,30
0:30,23700,12625003,30
0:30,11300,5447,30
0:30,27400,53856,30
0:30,17,8125,30
0:30,1390,1734,30
0:30,4620000,5655076,30
0:30,276000,386912,30
0:30,2150000,351358,30
0:30,1040000,80882,30
0:30,2150000,248108,30
0:30,4620000,2081244,30
0:30,5620000,11295,30
0:30,1760000,1341968,30
0:30,565000,30383,30
0:30,9720,7570,30
0:30,74700,35381,30
0:30,26500,4196,30
0:30,37900,1219,30
0:30,0,137,30
0:30,8990,95,30
0:30,626000,4400,30
0:30,190000,186891,30
0:30,589000,44265,30
0:30,438000,1185820,30
0:30,97900,6026,30
0:30,98100,126502,30
0:30,772,25165,30
0:30,1490000,2010682,30
0:30,15600,4366,30
0:30,2150000,334403,30
0:30,2150000,698855,30
0:30,540,67924,30
0:30,205000,851326,30
0:30,17500,5287,30
0:30,225000,97766,30
0:30,2050000,171045,30
0:30,0,53878,30
0:30,589000,155935,30
0:30,202,3178,30
0:30,182,24857,30
0:30,98500,69894,30
0:30,12900000,3161181,30
0:30,2480000,34165,30
0:30,249000,273619,30
0:30,14700000,60853,30
0:30,12900000,6369848,30
0:30,163000,16363,30
0:30,3440,4030,30
0:30,40400,9679,30
0:30,0,1925,30
0:30,43800,18642,30
0:30,38000000,39157162,30
0:30,16,78,30
0:30,36100,130955,30
0:30,0,9865,30
0:30,567000,70514,30
0:30,2820,38826,30
0:30,0,303,30
0:30,0,2498,30
0:30,88600,23336,30
0:30,0,4,30
0:30,224,4,30
0:30,191000,4702,30
0:30,4540,262394,30
0:30,94000,11483,30
0:30,292000,39410,30
0:30,2390000,1990842,30
0:30,292000,21914,30
0:30,214000,2115,30
0:30,176000,485306,30
0:30,176000,278714,30
0:30,2860,2812,30
0:30,0,87837,30
0:30,186000,19655,30
0:30,1850000,83216,30
0:30,441000,5980,30
0:30,0,5503,30
0:30,973000,183829,30
0:30,21700,10392,30
0:30,0,226067,30
0:29,2010000,1130378,29
0:29,0,656,29
0:29,26600,69,29
0:29,747,1160,29
0:29,1230000,1987,29
0:29,2240,144,29
0:29,445000,8679858,29
0:29,0,8032,29
0:29,12900000,154041,29
0:29,1160000,610921,29
0:29,840000,12716,29
0:29,1550000,3437,29
0:29,589000,266548,29
0:29,4490000,175212,29
0:28,0,651,28
0:28,1430,121,28
0:28,0,17623,28
0:28,10400,3307,28
0:28,436000,81663,28
0:28,11300,6379,28
0:28,109000,114599,28
0:28,72900,12955711,28
0:28,109000,337558,28
0:28,3090,14198,28
0:28,1890,454,28
0:28,220000,3804,28
0:28,4200,22,28
0:27,0,6629362,27
0:27,3140,7,27
0:27,0,0,27
0:27,5050000,585561,27
0:27,50700,4149516,27
0:27,3730,1074,27
0:27,139000,875432,27
0:27,589000,151804,27
0:27,553000,204991,27
0:27,716000,204877,27
0:27,1370000,734803,27
0:27,11300,4632,27
0:27,160000,295692,27
0:27,840000,173684,27
0:27,589000,490798,27
0:27,29300,3166,27
0:27,93800,166500,27
0:27,888,6,27
0:27,589000,73707,27
0:27,640000,144505,27
0:27,3700000,75822,27
0:27,716000,18797,27
0:27,43900,3220521,27
0:27,69800,36798,27
0:27,518000,47783,27
0:27,567000,77173,27
0:27,1320000,53264,27
0:27,4490000,378550,27
0:27,518000,20355,27
0:27,95600,50368,27
0:26,1710,2939,26
0:26,9770,12013,26
0:26,3140,5,26
0:26,3140,5,26
0:26,0,1305,26
0:26,35600,9076,26
0:26,87600,50186,26
0:26,44,5,26
0:25,3660,1282,25
0:25,3140,6,25
0:25,0,7,25
0:25,466,317,25
0:25,6790,209,25
0:24,65,5,24
0:24,736000,33899,24
0:24,4620000,635659,24
0:24,273000,25562,24
0:24,3440,5694,24
0:24,1320000,261693,24
0:24,0,211,24
0:24,1320000,112636,24
0:24,256000,7366,24
0:24,522000,1765,24
0:24,4350,1217,24
0:24,15200,66958,24
0:24,0,1,24
0:24,119000,2729,24
0:24,1230,3078,24
0:23,0,273,23
0:23,164000,20480,23
0:23,2160,3102,23
0:23,818,1014,23
0:23,539,1145,23
0:23,0,156,23
0:23,291000,383,23
0:23,727,9083,23
0:23,8390,14423,23
0:23,16200,161,23
0:23,1000,584,23
0:23,62,432,23
0:23,2020,8565,23
0:23,2330,460,23
0:23,222000,925633,23
0:23,0,1064,23
0:23,0,2427,23
0:23,2120000,2002704,23
0:23,250000,294611,23
0:23,1710000,627857,23
0:23,874000,345006,23
0:23,2590000,698611,23
0:23,553000,1124109,23
0:23,48600,3348,23
0:23,74,1,23
0:22,2500,465,22
0:22,501,172,22
0:22,14500,5430,22
0:22,5,1,22
0:22,0,9588,22
0:22,1400000,332175,22
0:22,9420,16780,22
0:21,384000,141644,21
0:21,0,1,21
0:21,0,521,21
0:21,2,3,21
0:21,553,10,21
0:21,553,6,21
0:20,460,1560,20
0:20,813,1733,20
0:20,1570,4021,20
0:20,10700000,24033,20
0:20,44000,6396,20
0:20,12100,20200,20
0:20,179000,32535,20
0:20,232000,27501,20
0:20,1430,324144,20
0:20,178000,16485,20
0:20,408,359,20
0:20,312,2591,20
0:20,192,1527,20
0:20,17800,81531,20
0:20,3060,1137,20
0:20,0,374,20
0:20,59,3057,20
0:20,2480,2992,20
0:20,32,501,20
0:20,0,1632,20
0:20,578000,14979,20
0:20,43500,7950,20
0:20,426000,31614,20
0:20,12600000,104413,20
0:20,27900,19113,20
0:20,3290,232333,20
0:20,250000,632424,20
0:20,1630,193,20
0:20,13300,129,20
0:20,57300,6136,20
0:20,302000,877992,20
0:20,24900,19,20
0:20,58700,612658,20
0:20,76100,29866,20
0:20,0,11358,20
0:20,58700,41165,20
0:20,121000,55416,20
0:20,24900,1992,20
0:20,0,707,20
0:20,1670000,807685,20
0:20,450000,404031,20
0:20,396000,702277,20
0:20,412000,1294266,20
0:20,0,992,20
0:20,194000,483,20
0:20,0,887,20
0:20,195000,5140,20
0:20,273000,21776,20
0:20,0,8088,20
0:20,468000,19165,20
0:20,211,5,20
0:20,480000,139,20
0:19,7600,1909,19
0:19,0,818,19
0:19,0,553,19
0:19,151000,1093030,19
0:19,53600,17313,19
0:19,53600,25514,19
0:19,68000,439,19
0:18,176000,4956,18
0:18,566,251,18
0:18,0,859,18
0:18,0,1320,18
0:18,20300,10553,18
0:18,3040,652,18
0:18,2550,556,18
0:18,0,53024,18
0:18,2610,1418,18
0:18,283,3720,18
0:18,0,1166,18
0:18,0,655,18
0:18,3700,98500,18
0:18,0,2,18
0:18,381,47,18
0:18,7960,53,18
0:18,1370000,915399,18
0:18,0,3,18
0:18,0,8,18
0:18,4920,17,18
0:18,150,5,18
0:18,4920,12,18
0:17,1200000,21138,17
0:17,4910,326,17
0:17,0,77590,17
0:17,0,14829,17
0:17,383,132,17
0:17,1560,8938,17
0:17,7330,572,17
0:17,0,0,17
0:17,0,766,17
0:17,4090,2110,17
0:16,65,4,16
0:16,0,0,16
0:16,0,1880,16
0:16,7970,72,16
0:16,0,1238,16
0:16,84,151,16
0:16,22600,18,16
0:16,1040000,2319819,16
0:16,24000,546311,16
0:16,1480000,1441153,16
0:16,24600,1429194,16
0:16,822000,1147727,16
0:16,24000,50275,16
0:16,2160000,22663624,16
0:16,1480000,731669,16
0:16,329000,21029,16
0:16,1160000,460379,16
0:16,0,4,16
0:16,1810,417,16
0:16,3440,1,16
0:16,0,629,16
0:16,0,10,16
0:16,0,2,16
0:16,0,1,16
0:16,0,790,16
0:15,444000,44391401,15
0:15,878000,1004989,15
0:15,29000,408,15
0:15,1260,1275,15
0:15,175000,51798,15
0:15,17000,8246,15
0:15,3490000,917252,15
0:15,1020000,13058,15
0:15,356000,27980,15
0:15,153000,9148,15
0:15,164000,30005,15
0:15,7440000,32422,15
0:15,34000,3898,15
0:15,196000,21042,15
0:15,0,644,15
0:15,48600,3925,15
0:15,4870000,14363,15
0:15,151000,19310,15
0:15,167000,131,15
0:15,10700000,103675,15
0:15,4870000,29275,15
0:15,172000,25955,15
0:15,2580000,9848,15
0:15,1160000,45405,15
0:15,20500,23114,15
0:15,391000,148384,15
0:15,0,9497,15
0:15,7440000,32299,15
0:15,113000,3915,15
0:15,211000,1745,15
0:15,264000,47291,15
0:15,0,4663,15
0:15,277000,58635,15
0:15,42000,66657,15
0:15,107000,31304,15
0:15,423000,31606,15
0:15,0,29964022,15
0:15,0,2693,15
0:15,507000,34888,15
0:15,170000,5622,15
0:15,261000,931,15
0:15,0,23607,15
0:15,890000,23749,15
0:15,20,3837,15
0:15,0,361351,15
0:15,1930000,1282520,15
0:15,114,6,15
0:15,3,6,15
0:15,0,78689,15
0:15,0,722,15
0:15,95600,16667,15
0:15,0,2043,15
0:15,0,4088,15
0:15,8780,313,15
0:15,0,1193888,15
0:15,12900000,249534,15
0:15,202000,729616,15
0:15,0,7089185,15
0:15,1200000,23424,15
0:15,174000,7317,15
0:15,0,6153,15
0:15,90,814,15
0:15,685000,281688,15
0:15,466000,8849,15
0:15,7770,1095,15
0:15,90,1829,15
0:15,0,13227920,15
0:15,44000,11402,15
0:15,3280,334,15
0:15,11000000,107348,15
0:15,58800,7473,15
0:15,73900,49419,15
0:15,295000,75938,15
0:15,1280,7141,15
0:15,593000,10328,15
0:15,414000,153906,15
0:15,1350000,21565,15
0:15,4900000,19639,15
0:15,850000,51529,15
0:15,193000,113029,15
0:15,180,399,15
0:15,6190,13623,15
0:15,3980000,27745,15
0:15,0,2262,15
0:15,869000,7266,15
0:15,6210,9245,15
0:15,391000,142803,15
0:15,0,182362,15
0:15,4900000,26988,15
0:15,111000,498,15
0:15,7750000,34944,15
0:15,7750000,261561,15
0:15,0,2674,15
0:15,0,22983,15
0:15,0,436,15
0:15,127000,7262,15
0:15,10900,171,15
0:15,2730,249,15
0:15,0,441,15
0:15,3980000,1790394,15
0:15,144000,29808,15
0:15,19300,309,15
0:15,36100,3602,15
0:15,189000,42034,15
0:15,342000,74852,15
0:15,700,600,15
0:15,0,7066,15
0:15,426000,3171,15
0:15,3280,50,15
0:15,470000,401,15
0:15,267000,44221,15
0:15,0,0,15
0:15,0,16,15
0:15,81100,8809,15
0:15,1490000,255711,15
0:15,0,467,15
0:15,0,526,15
0:15,56700,4642630,15
0:15,1940000,1294394,15
0:15,0,771,15
0:15,1130,2,15
0:15,0,32595,15
0:15,400000,1513,15
0:15,2820000,6072177,15
0:15,2250000,184073,15
0:15,265000,26378,15
0:15,617000,10573,15
0:15,38000000,93874,15
0:15,433000,28079,15
0:15,0,355,15
0:15,0,1201,15
0:15,0,2,15
0:15,2080,78785,15
0:15,2070,2075,15
0:15,157000,7538,15
0:15,2620000,25,15
0:15,860000,586321,15
0:15,0,1174,15
0:15,0,74,15
0:15,143000,304616,15
0:15,57500,508155,15
0:15,482000,4679376,15
0:15,1620,497091,15
0:15,870000,175776,15
0:15,1880000,43118,15
0:15,53500,25611,15
0:15,62300,626236,15
0:15,5050000,840607,15
0:15,11300,14669,15
0:15,11300,8701,15
0:15,37700,45366,15
0:15,33300000,14578,15
0:15,626000,627132,15
0:15,1760000,1722919,15
0:15,1510000,173437,15
0:15,150000,2365169,15
0:15,1090000,181546,15
0:15,35600,3441,15
0:15,4620000,506745,15
0:15,855000,528374,15
0:15,840000,365167,15
0:15,24200,96265,15
0:15,720000,1014329,15
0:15,2550000,17763,15
0:15,0,15314,15
0:15,626000,380021,15
0:15,2390000,495726,15
0:15,12900000,1377859,15
0:15,21000,170052,15
0:15,1340000,277056,15
0:15,32400,114385,15
0:15,0,9952,15
0:15,41800,2067,15
0:15,73100,29303,15
0:15,4620000,7651065,15
0:15,429000,411873,15
0:15,0,117588,15
0:15,949000,1117294,15
0:15,1940000,1284417,15
0:15,11300,7788,15
0:15,64800,115067,15
0:15,165000,144810,15
0:15,37200,26726,15
0:15,37,1732,15
0:15,14500,5543,15
0:15,1160000,3219143,15
0:15,351000,254755,15
0:15,67500,551557,15
0:15,107000,112263,15
0:15,88800,189129,15
0:15,5620000,11993,15
0:15,325000,19605,15
0:15,840000,270253,15
0:15,456000,36280,15
0:15,492000,575683,15
0:15,0,16285,15
0:15,333,4743,15
0:15,35600,2641,15
0:15,4140,7511,15
0:15,10700,5905,15
0:15,3700000,43731,15
0:15,589000,63178,15
0:15,1730000,552356,15
0:15,1710000,620053,15
0:15,1490000,271004,15
0:15,150000,336155,15
0:15,95300,2961,15
0:15,589000,23068,15
0:15,0,0,15
0:15,0,480,15
0:15,80100,193,15
0:15,166000,6201,15
0:15,156,4,15
0:15,0,213,15
0:15,589000,222336,15
0:15,1170000,347610,15
0:15,18500000,15803977,15
0:15,199,393417,15
0:15,1550000,1276726,15
0:15,250000,40870,15
0:15,91600,76404,15
0:15,3330,4415,15
0:15,139000,30535,15
0:15,15700000,2585021,15
0:15,82500,118902,15
0:15,230000,12952,15
0:15,12900000,1480616,15
0:15,32900,50520,15
0:15,949000,127620,15
0:15,6900000,123128,15
0:15,14700,53775,15
0:15,15700000,879160,15
0:15,429000,464266,15
0:15,2050000,230164,15
0:15,1370000,35582,15
0:15,1160000,1179793,15
0:15,15700000,1791003,15
0:15,665,34,15
0:15,589000,147713,15
0:15,38500,310744,15
0:15,338000,786686,15
0:15,456000,41419,15
0:15,3900000,282347,15
0:15,250000,93357,15
0:15,429000,1581732,15
0:15,560000,98482,15
0:15,624000,42891,15
0:15,4620000,675643,15
0:15,4730000,2302157,15
0:15,560000,98248,15
0:15,427000,2125,15
0:15,3020,97,15
0:15,36,1,15
0:15,121000,75298,15
0:15,507000,625840,15
0:15,12900000,2671238,15
0:15,1220000,2995044,15
0:15,0,4,15
0:15,734000,139159,15
0:15,435000,24349,15
0:15,2480000,58778,15
0:15,2480000,79203,15
0:15,292000,82536,15
0:15,140000,54855,15
0:15,0,2953,15
0:15,1220000,1992375,15
0:15,488000,147813,15
0:15,949000,110025,15
0:15,567000,250820,15
0:15,907000,1350268,15
0:15,0,3155,15
0:15,259,1625,15
0:15,217000,69985,15
0:15,435000,42809,15
0:15,2480000,21416,15
0:15,14700000,16356,15
0:15,280000,7602,15
0:15,567000,142749,15
0:15,0,5264,15
0:15,4490000,70689,15
0:15,4490000,361498,15
0:15,327000,6850513,15
0:15,771000,9829,15
0:15,292000,40909,15
0:15,567000,102773,15
0:15,994000,284957,15
0:15,1220000,1162262,15
0:15,3900000,399148,15
0:15,12400,25761,15
0:15,1320000,43392,15
0:15,567000,1062882,15
0:15,6480000,121704,15
0:15,1320000,51399,15
0:15,207000,144345,15
0:15,97700,71571,15
0:15,567000,158983,15
0:15,549000,20741,15
0:15,450000,227548,15
0:15,2140000,204782,15
0:15,518000,521163,15
0:15,4490000,617964,15
0:15,331000,277231,15
0:15,2480000,44388,15
0:15,287000,128878,15
0:15,175000,35588180,15
0:15,5980000,576276,15
0:15,4490000,1533872,15
0:15,2270000,536467,15
0:15,567000,291869,15
0:15,249000,47327,15
0:15,567000,161206,15
0:15,0,1141,15
0:15,1320000,106322,15
0:15,4210000,658674,15
0:15,172000,53784,15
0:15,678000,1215614,15
0:15,737000,150053,15
0:15,1670000,256927,15
0:15,737000,910059,15
0:15,2480000,17817,15
0:15,2480000,109039,15
0:15,433000,83926,15
0:15,593000,299655,15
0:15,737000,195644,15
0:15,5080000,4037099,15
0:15,0,2931,15
0:15,1160000,38319,15
0:15,1160000,22617,15
0:15,1480000,65751,15
0:15,1480000,617001,15
0:15,4490000,414126,15
0:15,68000,3150,15
0:15,2480000,114225,15
0:15,292000,3542,15
0:15,1620000,593724,15
0:15,678000,131700,15
0:15,3570000,880950,15
0:15,2480000,623941,15
0:15,5620000,7070,15
0:15,567000,269919,15
0:15,2480000,301089,15
0:15,17000000,8639645,15
0:15,771000,83309,15
0:15,4490000,897321,15
0:15,76900,6758,15
0:15,5000000,3000163,15
0:15,51,839,15
0:15,1220000,562283,15
0:15,2480000,523139,15
0:15,294000,3853,15
0:15,1300000,3211,15
0:15,1480000,148434,15
0:15,2480000,22079,15
0:15,4490000,81826,15
0:15,2480000,352414,15
0:15,4490000,446123,15
0:15,875000,147740,15
0:15,4490000,1241309,15
0:15,242,54592,15
0:15,2270000,271531,15
0:15,5980000,1239746,15
0:15,4490000,386666,15
0:15,0,539478,15
0:15,554000,903404,15
0:15,1400000,275518,15
0:15,2000000,62462,15
0:15,2320,77703,15
0:15,1400000,242283,15
0:15,1620000,863815,15
0:15,15700000,2836834,15
0:15,4490000,232169,15
0:15,97700,26287,15
0:15,1850000,986857,15
0:15,518000,473627,15
0:15,567000,63635,15
0:15,1850000,711150,15
0:15,67200,596171,15
0:15,5620000,7935,15
0:15,3900000,729302,15
0:15,873000,23961,15
0:15,4490000,768797,15
0:15,567000,276299,15
0:15,2480000,64206,15
0:15,139000,58080,15
0:15,8900000,4219523,15
0:15,528000,10379,15
0:15,3900000,468003,15
0:15,860000,369682,15
0:15,1670000,644553,15
0:15,15700000,3424456,15
0:15,2480000,269047,15
0:15,68000,3655,15
0:15,1850000,947666,15
0:15,875000,201152,15
0:15,145000,154832,15
0:15,1850000,2997608,15
0:15,630000,357929,15
0:15,194000,11875,15
0:15,273000,174221,15
0:15,4320000,21342865,15
0:15,1850000,1387045,15
0:15,2480000,86363,15
0:15,1480000,1283237,15
0:15,0,1842,15
0:15,1220000,1165376,15
0:15,963000,147847,15
0:15,1220000,783141,15
0:15,1300000,8849,15
0:15,4490000,282814,15
0:15,6480000,59644,15
0:15,4490000,228260,15
0:15,68000,6437,15
0:15,339000,264733,15
0:15,567000,113161,15
0:15,38000000,13811527,15
0:15,51100,246,15
0:15,567000,392172,15
0:15,4490000,257140,15
0:15,210000,90439,15
0:15,5980000,11710528,15
0:15,84100,64080,15
0:15,567000,191707,15
0:15,45500,28954,15
0:15,1380000,2567679,15
0:15,587000,5832,15
0:15,1220000,1037599,15
0:15,860000,2963719,15
0:15,567000,303077,15
0:15,567000,582446,15
0:15,2480000,472923,15
0:15,567000,138384,15
0:15,1880000,296860,15
0:15,567000,250544,15
0:15,0,38,15
0:15,1690000,5580891,15
0:15,1480000,36072,15
0:15,2480000,1087726,15
0:15,278000,3758,15
0:15,567000,223012,15
0:15,567000,194190,15
0:15,11300,234704,15
0:15,1670000,454383,15
0:15,6020,11794,15
0:15,871000,33769,15
0:15,33300000,19136,15
0:15,61600,71633,15
0:15,12400000,5682777,15
0:15,450000,13660,15
0:15,1480000,33390,15
0:15,11100,236324,15
0:15,56000,3242518,15
0:15,518000,6998,15
0:15,237000,150972,15
0:15,4760,73,15
0:15,822000,903164,15
0:15,145000,175396,15
0:15,3900000,448353,15
0:15,207000,3672,15
0:15,246000,41141,15
0:15,9950000,17898428,15
0:15,5050000,112251,15
0:15,1160000,762113,15
0:15,462000,102618,15
0:15,12900000,2807766,15
0:15,3750000,65341,15
0:15,506000,570795,15
0:15,886000,93152,15
0:15,132000,7604,15
0:15,292000,15653,15
0:15,4210000,28752,15
0:15,518000,189653,15
0:15,12900000,6145312,15
0:15,870000,75539,15
0:15,506000,110685,15
0:15,2480000,854932,15
0:15,2480000,3144,15
0:15,0,665,15
0:15,419000,81192,15
0:15,1320000,356736,15
0:15,717000,17822,15
0:15,3350,53972,15
0:15,506000,76299,15
0:15,1240000,5335,15
0:15,624000,18724,15
0:15,3900000,2740383,15
0:15,1160000,7201,15
0:15,302000,44372,15
0:15,771000,21209,15
0:15,1880000,82332,15
0:15,1160000,7866,15
0:15,157000,122123,15
0:15,2480000,14104,15
0:15,157000,76355,15
0:15,506000,129431,15
0:15,119000,2552,15
0:15,2480000,7074,15
0:15,518000,2519,15
0:15,1320000,18283,15
0:15,543000,49421,15
0:15,1010000,183500,15
0:15,1850000,6284,15
0:15,97700,7602,15
0:15,0,1646,15
0:15,3960000,11298221,15
0:15,1220000,111905,15
0:15,554000,13567,15
0:15,2480000,296135,15
0:15,1320000,23883,15
0:15,554000,11919,15
0:15,292000,18736,15
0:15,875000,245385,15
0:15,59700,24206,15
0:15,12900000,2322485,15
0:15,506000,55605,15
0:15,1760000,1902746,15
0:15,554000,10169,15
0:15,13900,6732,15
0:15,30600,80501,15
0:15,846000,885624,15
0:15,293000,356407,15
0:15,788000,3874,15
0:15,1880000,394346,15
0:15,791000,4749,15
0:15,293000,833110,15
0:15,58200,4124,15
0:15,531000,1478636,15
0:15,973000,56629,15
0:15,249000,20228,15
0:15,249000,16166,15
0:15,305000,22955,15
0:15,5650000,11361,15
0:15,2480000,60591,15
0:15,12900000,4815844,15
0:15,1110000,1180526,15
0:15,33300000,5121489,15
0:15,664000,4128,15
0:15,778000,2152,15
0:15,419000,17441,15
0:15,8520,2689,15
0:15,4210000,3681145,15
0:15,462000,77837,15
0:15,12900000,1166054,15
0:15,518000,222598,15
0:15,130000,2928,15
0:15,12400,12397,15
0:15,210000,67157,15
0:15,68000,577,15
0:15,319000,3883,15
0:15,518000,33512,15
0:15,1480000,92461,15
0:15,23500,17066,15
0:15,2630000,2061,15
0:15,0,39034,15
0:15,2480000,61254,15
0:14,2810,134,14
0:14,6710,30,14
0:14,26600,8,14
0:14,2810,166,14
0:14,6100,16,14
0:14,0,13,14
0:14,0,123,14
0:14,0,2,14
0:14,4210000,53452,14
0:14,0,2389,14
0:14,78500,309557,14
0:14,0,4,14
0:13,0,2563,13
0:13,0,1633,13
0:13,0,11,13
0:13,0,96,13
0:13,0,1375,13
0:13,513000,47690,13
0:13,1820,452,13
0:13,0,4694,13
0:13,0,6,13
0:13,67200,46751,13
0:13,292000,30312,13
0:13,1800000,247771,13
0:12,0,2,12
0:12,0,40,12
0:12,7970,84,12
0:12,7970,73,12
0:12,0,7114899,12
0:12,0,3526,12
0:12,0,8259994,12
0:12,0,11,12
0:12,12200,3307,12
0:12,2200,0,12
0:11,0,3095,11
0:11,6,35,11
0:11,60200,3197,11
0:11,0,0,11
0:11,0,1153,11
0:11,0,2458,11
0:11,0,739,11
0:11,38,1050,11
